"AOU","Genus","Species","CBC_dist","CBC_dist_error","Migration","Mig_distance","WithAdults","Flocks","FlocksWithAdults","Male_mass_g","Trend","Relative.Abundance","CBC_species","CBC_Tree_species","Habitat_specialism_score","Diet_specialism_score","Diet.5Cat","GenFLS","Order","SE","Breeding_rangesize","Nonbreeding_rangesize","Breeding_overlap_size","Nonbreeding_overlap_size","Mig_dist_numeric","Breeding_overlap_prop","Nonbreeding_overlap_prop","Combined_Migration_Timing"
1770,"Dendrocygna","autumnalis",26468.969452313,445990.404422876,"Partial","long","Yes","Yes","FlocksWithAdults",1426,6.25,4.09,"Dendrocygna autumnalis","Dendrocygna_autumnalis",50,90,"PlantSeed",2.075058561,"ANSERIFORMES",445990.404422876,9493048703421.72,7586740520149.99,961021157405.924,246123048925.148,1159.1453944427,0.101234196455721,0.0324412108561586,"night"
1400,"Spatula","discors",1218.19903594273,1196462.37201095,"Complete","short","Yes","Yes","FlocksWithAdults",31.2,0.26,1.54,"Spatula discors","Anas_discors",100,60,"PlantSeed",2.026234033,"ANSERIFORMES",1196462.37201095,6817717625342.85,3056103488691.95,4460575606783.39,793819661296.031,3112.82442636962,0.65426229889641,0.259748946406195,"night"
1410,"Spatula","cyanoptera",17888.4979762913,33266.9340050045,"Partial","short","Yes","Yes","FlocksWithAdults",1800,-0.89,0.6,"Spatula cyanoptera","Anas_cyanoptera",100,50,"PlantSeed",1.736307729,"ANSERIFORMES",33266.9340050045,5207680337898.07,3461923105622.57,2579968004784.2,368860761168.072,3416.60878386558,0.495415969756994,0.106547935905624,"night"
1430,"Anas","acuta",19393.3902390115,7542.973824066,"Complete","long","Yes","Yes","FlocksWithAdults",1006,-2.61,1.15,"Anas acuta","Anas_acuta",70,50,"PlantSeed",3.306523085,"ANSERIFORMES",7542.973824066,8469861360389.83,3211145043379.63,3022626177116.87,2119257484644.93,2193.05852038948,0.35686843603515,0.659969405310476,"night"
1390,"Anas","crecca",19994.2114139373,4084.91844929142,"Partial","short","Yes","Yes","FlocksWithAdults",350,0.15,0.29,"Anas crecca","Anas_crecca",100,50,"PlantSeed",2.144349506,"ANSERIFORMES",4084.91844929142,10146704406824.4,4732075878628.01,4013213412493.99,3053496866210.62,1778.63182242861,0.395518904620383,0.645276395503601,"night"
1350,"Mareca","strepera",6475.07780970123,3301.28733735588,"Partial","short","Yes","Yes","FlocksWithAdults",770.5,1.7,2.4,"Mareca strepera","Anas_strepera",80,70,"PlantSeed",2.615589659,"ANSERIFORMES",3301.28733735588,4555053611891.12,4036245927850.35,3989462603224.21,2822283301913.45,1229.7202733405,0.875832194995375,0.699234722651442,"night"
1370,"Mareca","americana",14162.8871614313,4719.57948832258,"Complete","short","Yes","Yes","FlocksWithAdults",796.1,-1.51,0.95,"Mareca americana","Anas_americana",50,100,"PlantSeed",3.081024899,"ANSERIFORMES",4719.57948832258,6821477106365.7,4004656003575.66,2987818087339.72,2876481313805.92,2000.48004352387,0.438001629376068,0.718284244948276,"day"
1500,"Aythya","collaris",11904.2884529694,12545.3015601962,"Complete","long","Yes","Yes","FlocksWithAdults",1078,1.85,0.26,"Aythya collaris","Aythya_collaris",100,60,"PlantSeed",2.543666663,"ANSERIFORMES",12545.3015601962,8328476752796.05,4115039094216.46,3376656625112.24,3216550031085,1938.91100007108,0.405435078386768,0.781657223039689,"night"
1490,"Aythya","affinis",1202.75847244584,681717.495295838,"Complete","long","Yes","Yes","FlocksWithAdults",2725,-0.37,4.02,"Aythya affinis","Aythya_affinis",100,50,"PlantSeed",3.233127688,"ANSERIFORMES",681717.495295838,5564023441714.11,2677902136292.56,2541571131155.75,1913433107944.26,2105.72108820961,0.456786560621097,0.714526898504712,"night"
1440,"Aix","sponsa",7044.56214225243,2492.40578922103,"Partial","short","Yes","Yes","FlocksWithAdults",694,1.15,0.34,"Aix sponsa","Aix_sponsa",80,50,"PlantSeed",2.123768167,"ANSERIFORMES",2492.40578922103,6949348914630.64,2389484223829.22,5922896547646.12,2138521957302.48,863.731253661724,0.852295174757523,0.894972201940482,"night"
1530,"Bucephala","albeola",4030.83257815554,31000.1661213121,"Complete","long","Yes","Yes","FlocksWithAdults",3232,3.43,0.3,"Bucephala albeola","Bucephala_albeola",100,70,"Invertebrate",4.122017644,"ANSERIFORMES",31000.1661213121,5935485460868.21,3387391869198.05,1842275035508.19,2366301437600.44,1794.28517442355,0.310383210885452,0.698561468225006,"night"
640,"Hydroprogne","caspia",15734.5194496984,16127.3502454216,"Partial","long","Yes","Yes","FlocksWithAdults",23.9,0.18,0.09,"Hydroprogne caspia","Sterna_caspia",80,80,"VertFishScav",9.749406689,"CHARADRIIFORMES",16127.3502454216,3634837253978.77,1983784315856.74,1394879496986.02,237393614604.49,3685.77075579231,0.383752943947947,0.11966704883538,"day"
650,"Thalasseus","maximus",5637.99746179173,7833.45407237031,"Partial","long","Yes","Yes","FlocksWithAdults",94.5,0.08,1.72,"Thalasseus maximus","Sterna_maxima",100,80,"VertFishScav",10.50757482,"CHARADRIIFORMES",7833.45407237031,1695439020369.03,1778256849875.82,150913501097.481,121919435619.599,256.262790374449,0.0890114591468071,0.0685612067953585,"day"
690,"Sterna","forsteri",2719.31858548433,5205.413092137,"Partial","long","Yes","Yes","FlocksWithAdults",36.1,-1.3,0.29,"Sterna forsteri","Sterna_forsteri",80,80,"VertFishScav",7.166436783,"CHARADRIIFORMES",5205.413092137,2490431177309.1,797915563272.436,1860298787958.33,476332005870.552,1645.04477467468,0.746978597484624,0.596970441229401,"night"
470,"Larus","marinus",2461.42844993397,10680.3588086182,"Partial","long","Yes","Yes","FlocksWithAdults",13.5,-1.57,2.84,"Larus marinus","Larus_marinus",80,20,"Omnivore",11.45300822,"CHARADRIIFORMES",10680.3588086182,2235518984378.24,2235518984378.24,245500967612.729,245500967612.729,0,0.109818332713023,0.109818332713023,"day"
800,"Rynchops","niger",5284.53909427728,13191.8515986239,"Partial","long","Yes","Yes","FlocksWithAdults",20.7,-1.38,0.92,"Rynchops niger","Rynchops_niger",100,70,"VertFishScav",5.712844594,"CHARADRIIFORMES",13191.8515986239,4423819826614.38,5102251816166.67,122803123924.637,97850511109.2934,599.189059148997,0.0277595220279621,0.0191779070564982,"night"
2640,"Numenius","americanus",4770.75733775419,896555.759671901,"Complete","long","Yes","Yes","FlocksWithAdults",649.2,0.03,2.31,"Numenius americanus","Numenius_americanus",80,90,"Invertebrate",6.748466121,"CHARADRIIFORMES",896555.759671901,2711598298581.2,1238644299318.45,2335181643942.84,368696486496.019,1742.52847087135,0.861182736825243,0.297661311402223,"night"
2280,"Scolopax","minor",5365.45255609678,1836.89123499373,"Partial","long","Yes","Yes","FlocksWithAdults",111,-0.73,0.02,"Scolopax minor","Scolopax_minor",80,100,"Invertebrate",2.298184966,"CHARADRIIFORMES",1836.89123499373,3593324595770.26,1513436614351.26,2296145065438.12,1456027213254.39,1433.9441166222,0.639002963478706,0.962066861239853,"night"
2580,"Tringa","semipalmata",24766.5967066123,20774.4767976651,"Complete","short","No","Yes","FlocksNoAdults",315,-0.64,1.82,"Tringa semipalmata","Catoptrophorus_semipalmatus",70,80,"Invertebrate",3.532632541,"CHARADRIIFORMES",20774.4767976651,2762328784911.33,1308515506693.63,2040334093274.82,136224047076.626,3162.68732725128,0.73862825613654,0.104105794986594,"night"
2550,"Tringa","flavipes",4377.29607935535,2972.70934038731,"Complete","short","No","Yes","FlocksNoAdults",200,-1.04,0.44,"Tringa flavipes","Tringa_flavipes",50,100,"Invertebrate",4.061051404,"CHARADRIIFORMES",2972.70934038731,6165509473017.55,10602470499670.1,1638109377246.66,1082401935209.52,6214.54846494553,0.26568921585728,0.102089596499532,"night"
2540,"Tringa","melanoleuca",6702.45124659585,2256.70773513113,"Complete","short","No","Yes","FlocksNoAdults",68.8,0.68,0.25,"Tringa melanoleuca","Tringa_melanoleuca",80,80,"Invertebrate",4.856839238,"CHARADRIIFORMES",2256.70773513113,8497090249577.57,6158923850706.3,1837358622850.05,1483774624369.48,4509.73281842981,0.216233859931216,0.240914591629399,"night"
2630,"Actitis","macularius",2376.70158935896,3948.71155888666,"Complete","long","No","Yes","FlocksNoAdults",117,-1.49,0.38,"Actitis macularius","Actitis_macularius",80,80,"Invertebrate",3.282817159,"CHARADRIIFORMES",3948.71155888666,11549405590631.1,8967730836264.04,5930171279020.69,684667193124.715,5238.668997041,0.513461167545389,0.0763478750227463,"night"
2490,"Limosa","fedoa",8144.86187282118,27758.1665120543,"Complete","long","No","Yes","FlocksNoAdults",429.2,-0.54,2.09,"Limosa fedoa","Limosa_fedoa",80,100,"Invertebrate",7.439255425,"CHARADRIIFORMES",27758.1665120543,2285633302075.21,519807646826.592,1559439660777.61,131371866928.757,1946.79098577196,0.682279024969464,0.252731693600081,"night"
3600,"Falco","sparverius",6944.14544951771,399.393510038293,"Partial","short","Yes","Yes","FlocksWithAdults",18.6,-1.41,0.88,"Falco sparverius","Falco_sparverius",50,60,"Invertebrate",2.406436894,"FALCONIFORMES",399.393510038293,25830991619549.1,22841792054705.9,8191357392291.65,6916078031051.3,1143.15460874928,0.317113547669319,0.302781761364754,"day"
3560,"Falco","peregrinus",5150.81038460894,3679.9092736538,"Partial","short","No","No","Solo",21.4,2.17,0.01,"Falco peregrinus","Falco_peregrinus",20,80,"VertFishScav",5.712366517,"FALCONIFORMES",3679.9092736538,10156761910114.8,13557723211364.9,3331453527371.16,2184150494821.21,5795.40538973298,0.328003507107266,0.161100094814616,"day"
4470,"Tyrannus","verticalis",6911.64028371113,11220.5109849368,"Complete","short","No","Yes","FlocksNoAdults",45,-0.13,8.38,"Tyrannus verticalis","Tyrannus_verticalis",40,90,"Invertebrate",2.646492858,"PASSERIFORMES",11220.5109849368,5674398684042.06,1192652393358.13,4924263407945.79,173101711057.474,2355.85402135285,0.867803565123851,0.145140119637101,"day"
4430,"Tyrannus","forficatus",29627.695329269,6202.39059362309,"Complete","long","Yes","Yes","FlocksWithAdults",38,-1.03,14.24,"Tyrannus forficatus","Tyrannus_forficatus",60,60,"Invertebrate",2.346737821,"PASSERIFORMES",6202.39059362309,1802725702626.21,781974951641.799,1619438210519.25,160844854322.69,1761.29966261187,0.89832757593685,0.205690545438812,"night"
4540,"Myiarchus","cinerascens",3979.96812229222,7510.5102727481,"Partial","long","No","No","Solo",33.5,0.71,8.36,"Myiarchus cinerascens","Myiarchus_cinerascens",70,70,"Invertebrate",2.989367065,"PASSERIFORMES",7510.5102727481,3996204708066.59,2380836619604.72,2517455871879.15,626260378444.054,1012.93141015395,0.629961690099986,0.263042147994192,"night"
6280,"Vireo","flavifrons",1329.00117128256,9574.42335695662,"Complete","long","No","No","Solo",20.7,0.9,0.84,"Vireo flavifrons","Vireo_flavifrons",50,70,"Invertebrate",2.352781493,"PASSERIFORMES",9574.42335695662,3992575329863.6,1419794128329.51,3794535218088.05,18725730606.6772,2809.89855071684,0.950397902252652,0.0131890463786531,"night"
6220,"Lanius","ludovicianus",2259.93716043315,732.121072529105,"Partial","long","No","No","Solo",7497,-2.56,1.47,"Lanius ludovicianus","Lanius_ludovicianus",80,70,"Invertebrate",2.274961807,"PASSERIFORMES",732.121072529105,6929741608152.29,5173672946195.95,5467916472607.02,3629299195089.4,419.388674256172,0.789050556542318,0.701493742034451,"day"
7260,"Certhia","americana",4489.11116206305,410.334526980515,"Partial","short","Yes","Yes","FlocksWithAdults",153,0.34,0.33,"Certhia americana","Certhia_americana",30,70,"Invertebrate",1.664175519,"PASSERIFORMES",410.334526980515,6900559636253.27,9512239941792.66,3526542017024.27,7117334993158.85,564.613915500257,0.511051596235323,0.748229127598892,"night"
7190,"Thryomanes","bewickii",3819.72493630716,1468.96517930921,"Partial","short","No","No","Solo",9.9,-0.42,3.62,"Thryomanes bewickii","Thryomanes_bewickii",50,80,"Invertebrate",1.783557758,"PASSERIFORMES",1468.96517930921,4288075603200.09,4252369141153.05,2913617771044.02,2822048698459.18,45.2192299939656,0.679469776342016,0.663641514831888,"night"
7050,"Toxostoma","rufum",4026.74982294909,912.190748820978,"Partial","long","No","Yes","FlocksNoAdults",1147,-0.88,2.72,"Toxostoma rufum","Toxostoma_rufum",80,50,"Omnivore",2.680916959,"PASSERIFORMES",912.190748820978,5752147367744.38,2951944781125.07,5349620710262.59,2789914023566.34,721.350734154057,0.930021497755954,0.945110505252411,"night"
7540,"Myadestes","townsendi",4004.80294079691,1504.8310441344,"Partial","short","No","No","Solo",32.4,0.33,0.45,"Myadestes townsendi","Myadestes_townsendi",60,50,"Omnivore",2.564370036,"PASSERIFORMES",1504.8310441344,2743723307686.23,4373839412131.04,2015123000165.95,3976391983206.27,580.856263579442,0.734448329582216,0.909130767850682,"night"
7610,"Turdus","migratorius",11079.2132559514,3007.84759445834,"Partial","short","Yes","Yes","FlocksWithAdults",77.3,0.12,33.82,"Turdus migratorius","Turdus_migratorius",40,50,"Omnivore",3.146893471,"PASSERIFORMES",3007.84759445834,15615382948056.2,9767213364438.5,7895152827744.83,7702329130668.99,1087.01020170785,0.505600973988769,0.788590239946271,"night"
7550,"Hylocichla","mustelina",1575.13038843217,4173.8517797601,"Complete","long","No","No","Solo",47.8,-1.3,4.52,"Hylocichla mustelina","Hylocichla_mustelina",80,60,"Invertebrate",2.335115851,"PASSERIFORMES",4173.8517797601,3681029696632.63,801402021024.183,3448283087704.62,3453923399.38609,2760.54327477987,0.936771330820578,0.00430985112187766,"night"
6200,"Phainopepla","nitens",498.436468510415,3119.23079364797,"Complete","short","Yes","Yes","FlocksWithAdults",109.9,1.23,1.98,"Phainopepla nitens","Phainopepla_nitens",40,60,"FruiNect",2.327780669,"PASSERIFORMES",3119.23079364797,1590370757745.97,1590370757745.97,607742592869.448,607742592869.448,0,0.382138938300652,0.382138938300652,"day"
7490,"Corthylio","calendula",4071.81555247707,772.656631166059,"Complete","long","No","Yes","FlocksNoAdults",35.9,0.7,12.24,"Corthylio calendula","Regulus_calendula",50,80,"Invertebrate",1.565434368,"PASSERIFORMES",772.656631166059,8345118596357.63,6680968678098.23,2669122047156.81,4721310666965.99,2146.16379096592,0.319842314562406,0.706680557034124,"night"
6070,"Piranga","ludoviciana",401.315482200587,9750.20847595439,"Complete","short","No","Yes","FlocksNoAdults",100.7,0.55,6.36,"Piranga ludoviciana","Piranga_ludoviciana",40,80,"Invertebrate",2.230321436,"PASSERIFORMES",9750.20847595439,4662345606170.88,2244333879614.54,2891511906362.76,237181378926.797,2704.63643162976,0.620183948297544,0.105680077764336,"night"
5950,"Pheucticus","ludovicianus",8053.17767779259,13788.7263878413,"Complete","long","Yes","Yes","FlocksWithAdults",46.1,-0.25,2.06,"Pheucticus ludovicianus","Pheucticus_ludovicianus",30,50,"Omnivore",2.401811084,"PASSERIFORMES",13788.7263878413,4625033300706.71,1921529499521.75,2971592454825.4,23206174988.9819,3711.79346306661,0.642501850607507,0.0120769288188174,"night"
5960,"Pheucticus","melanocephalus",17201.9785823109,6872.74817934572,"Partial","long","No","Yes","FlocksNoAdults",92.1,0.42,2.96,"Pheucticus melanocephalus","Pheucticus_melanocephalus",50,70,"Invertebrate",2.59560266,"PASSERIFORMES",6872.74817934572,4622709597471.22,1672441907621.01,3165816031066.3,272138654138.527,1399.61719333758,0.684839911379704,0.162719346423001,"night"
5970,"Passerina","caerulea",3984.91687174922,23990.0908556131,"Partial","long","No","Yes","FlocksNoAdults",28.1,0.72,3.2,"Passerina caerulea","Passerina_caerulea",100,40,"Omnivore",3.085739873,"PASSERIFORMES",23990.0908556131,6945933143753.03,2364314742441.78,5034266090891.49,193713753539.858,1296.34433578613,0.724778944268872,0.0819323037083453,"night"
6050,"Calamospiza","melanocorys",4343.83230283152,11978411332.2046,"Complete","long","No","Yes","FlocksNoAdults",15.9,-3.66,217.87,"Calamospiza melanocorys","Calamospiza_melanocorys",50,60,"PlantSeed",2.030157659,"PASSERIFORMES",11978411332.2046,1295075910605.53,1815489593039.78,1295075910605.52,886514457985.494,1575.22526129684,0.999999999999997,0.488305998219,"day"
5520,"Chondestes","grammacus",4714.29379593321,4746.06080605654,"Partial","long","No","Yes","FlocksNoAdults",9.3,-1.18,5.56,"Chondestes grammacus","Chondestes_grammacus",80,70,"PlantSeed",2.047361259,"PASSERIFORMES",4746.06080605654,6266236426630.12,2420595245175.58,5697653523498.47,873814939746.762,1301.55750667552,0.909262456054915,0.360991760802777,"night"
5620,"Spizella","breweri",1097.37545616221,18917.8914395253,"Complete","short","Yes","Yes","FlocksWithAdults",112.7,-0.89,27.58,"Spizella breweri","Spizella_breweri",100,50,"Omnivore",2.117613195,"PASSERIFORMES",18917.8914395253,2375745796451.71,1960556105700.37,2340537171096.74,792499591860.164,1512.69927718566,0.985179969419473,0.404221837648997,"night"
5730,"Amphispiza","bilineata",659.086493926295,4705.63733212854,"Partial","long","Yes","Yes","FlocksWithAdults",15.5,-0.44,27.69,"Amphispiza bilineata","Amphispiza_bilineata",100,50,"Omnivore",2.202279982,"PASSERIFORMES",4705.63733212854,2652424762801.12,1869982587557.2,1681806966128.27,884391728202.127,322.197552317037,0.634063966569283,0.472941156825118,"night"
5870,"Pipilo","erythrophthalmus",2148.72134118777,900.997162286414,"Partial","short","No","Yes","FlocksNoAdults",3682,-1.4,7.3,"Pipilo erythrophthalmus","Pipilo_erythrophthalmus",80,40,"Omnivore",2.611333014,"PASSERIFORMES",900.997162286414,3670927762131.7,2641641468743.26,3400616440511.82,2514061384750.17,388.555715424646,0.926364303757667,0.951704239389538,"night"
5900,"Pipilo","chlorurus",1852.70455565886,5469.73784852813,"Complete","short","Yes","Yes","FlocksWithAdults",2498,0.08,5.26,"Pipilo chlorurus","Pipilo_chlorurus",70,40,"Omnivore",2.780343374,"PASSERIFORMES",5469.73784852813,1486380874867.71,2393967106566.93,1486342746824.35,814320299958.474,1593.45617209641,0.99997434840289,0.340155174949856,"night"
5480,"Ammospiza","leconteii",2811.81547930074,4305.29715721327,"Complete","long","No","No","Solo",9.6,-0.41,3,"Ammospiza leconteii","Ammodramus_leconteii",80,80,"PlantSeed",1.850571857,"PASSERIFORMES",4305.29715721327,3573656448744.4,1040044873763.15,936981055116.949,1012687844218.72,2491.2403180733,0.262191139119194,0.973696298847722,"night"
5400,"Pooecetes","gramineus",7370.47010977039,6515936.4930547,"Partial","short","Yes","Yes","FlocksWithAdults",161.1,-0.83,14.95,"Pooecetes gramineus","Pooecetes_gramineus",80,50,"Omnivore",2.214711172,"PASSERIFORMES",6515936.4930547,5386423872918.63,3409401966814.7,4727807477542.75,2201427967267.27,1627.96522963673,0.877726593577751,0.645693288352267,"night"
5540,"Zonotrichia","leucophrys",3830.63808911012,2834.62223355765,"Partial","short","No","No","Solo",421.6,-0.2,4.49,"Zonotrichia leucophrys","Zonotrichia_leucophrys",80,70,"PlantSeed",1.976042999,"PASSERIFORMES",2834.62223355765,6345138724490.93,7073052030951.97,1313057748139.26,5697595590418.85,2346.5541388254,0.206939171096627,0.805535653560294,"night"
6830,"Icteria","virens",10956.6907878167,4821.46526730208,"Complete","short","No","Yes","FlocksNoAdults",32.3,-0.73,4.05,"Icteria virens","Icteria_virens",100,80,"Invertebrate",2.241553184,"PASSERIFORMES",4821.46526730208,7423926854816.56,1527574486737.2,6100156263506.38,68002584815.5106,2086.40608432305,0.821688626895437,0.0445167063249138,"night"
6810,"Geothlypis","trichas",11375.4826671789,1596.96541170862,"Partial","long","Yes","Yes","FlocksWithAdults",343,-0.58,8.38,"Geothlypis trichas","Geothlypis_trichas",80,100,"Invertebrate",2.343523015,"PASSERIFORMES",1596.96541170862,13871896830399.2,4297171646949.47,8484407837960.27,1826900158699.11,2038.82958925007,0.61162564440123,0.425140140723961,"night"
6750,"Parkesia","noveboracensis",2471.08642443386,27788.7433789308,"Complete","long","No","Yes","FlocksNoAdults",10.1,1.04,1.82,"Parkesia noveboracensis","Seiurus_noveboracensis",80,90,"Invertebrate",2.215035085,"PASSERIFORMES",27788.7433789308,7232195401886.53,3450588626656.47,1671391586481.19,172159680825.045,4695.89201939075,0.231104318067126,0.0498928442223097,"night"
6480,"Setophaga","americana",2756.9516703812,6924.26946229039,"Complete","long","No","Yes","FlocksNoAdults",10.3,1.22,1.86,"Setophaga americana","Parula_americana",80,70,"Invertebrate",1.916144929,"PASSERIFORMES",6924.26946229039,4376589899441.37,1188629614117.97,3472014483427.37,130457792293.814,2243.94699728357,0.79331501538916,0.109754788829337,"night"
6730,"Setophaga","discolor",1062.86518362938,3921.48928739994,"Partial","short","No","Yes","FlocksNoAdults",13.1,-1.93,1.71,"Setophaga discolor","Dendroica_discolor",60,80,"Invertebrate",2.034808822,"PASSERIFORMES",3921.48928739994,2042195127814.88,738311998430.696,1955710660392.91,184003648954.738,1457.34704829827,0.957651222332263,0.249222075959544,"night"
6680,"Setophaga","townsendi",917.433562849665,3754.59898339312,"Complete","long","Yes","Yes","FlocksWithAdults",14.39,-0.14,10.23,"Setophaga townsendi","Dendroica_townsendi",80,100,"Invertebrate",1.955404048,"PASSERIFORMES",3754.59898339312,1382644988925.54,1535745313559.35,603800830448.183,258312643120.509,3186.55041977121,0.436699829156723,0.16820018322037,"night"
6710,"Setophaga","pinus",1828.76166284764,2719.83010898093,"Partial","short","No","Yes","FlocksNoAdults",18.9,1.3,4.69,"Setophaga pinus","Dendroica_pinus",80,70,"Invertebrate",2.060304474,"PASSERIFORMES",2719.83010898093,3523684368857.3,1869225292304.29,3059517618256.63,1676658044834.73,762.762448881141,0.868272324643199,0.896980183040338,"night"
6850,"Cardellina","pusilla",2857.55658937024,2978.70342921124,"Complete","short","Yes","Yes","FlocksWithAdults",1224,-1.72,1.88,"Cardellina pusilla","Wilsonia_pusilla",80,80,"Invertebrate",1.80820195,"PASSERIFORMES",2978.70342921124,6386274240623.2,2248495464689.56,1684061144928.3,223898289164.681,3441.44585289964,0.263700098285156,0.0995769360804977,"night"
6460,"Leiothlypis","celata",2529.54672102573,1142.42231263132,"Partial","short","Yes","Yes","FlocksWithAdults",44,-0.59,4.69,"Leiothlypis celata","Vermivora_celata",50,70,"Invertebrate",1.846387015,"PASSERIFORMES",1142.42231263132,6612990870829.16,3928969994762.88,2298377082480.17,2024969341572.07,2636.11938449406,0.347554854887012,0.515394453068171,"night"
6450,"Leiothlypis","ruficapilla",6911.46936301825,4911.46778495328,"Complete","long","Yes","Yes","FlocksWithAdults",24.4,-0.23,12.04,"Leiothlypis ruficapilla","Vermivora_ruficapilla",40,80,"Invertebrate",1.80329566,"PASSERIFORMES",4911.46778495328,4003590841175.19,1219907312839.23,1945473182439.74,60081544127.0842,3202.81572432085,0.485932069389159,0.0492509090606641,"night"
6470,"Leiothlypis","peregrina",12031.5354708195,10383.599036056,"Complete","long","No","Yes","FlocksNoAdults",21.6,-0.58,17.07,"Leiothlypis peregrina","Vermivora_peregrina",40,70,"Invertebrate",1.618440797,"PASSERIFORMES",10383.599036056,5766584626435.86,1598417633621,866538812149.462,11785566402.2836,4796.34621742652,0.150268983858656,0.00737327101152216,"night"
7000,"Anthus","spragueii",13566.0377775935,21390.1150872721,"Complete","long","No","No","Solo",657,-3.24,3.89,"Anthus spragueii","Anthus_spragueii",70,80,"Invertebrate",1.940463213,"PASSERIFORMES",21390.1150872721,1061163255496.17,1360767839671.7,958448463902.681,670753095996.065,2268.10890351117,0.903205476573474,0.492922507749662,"day"
3900,"Megaceryle","alcyon",2795.20011959528,335.439458763761,"Partial","short","No","No","Solo",143.6,-0.89,0.27,"Megaceryle alcyon","Megaceryle_alcyon",40,70,"VertFishScav",2.276586039,"CORACIIFORMES",335.439458763761,10995928758429.3,8007077309520.81,6864204635434.1,5461768004493.07,1256.25841436465,0.624249646049415,0.682117555927524,"night"
3670,"Asio","flammeus",9126.36942297025,3844.93787130171,"Partial","short","No","No","Solo",2932,-1.69,0.07,"Asio flammeus","Asio_flammeus",90,100,"VertFishScav",2.457612562,"STRIGIFORMES",3844.93787130171,16327542792530,15287496394893.1,4267578678466.58,7392758584791.9,1443.05610812961,0.261372989965094,0.483582032912955,"night"
3320,"Accipiter","striatus",4480.0044423307,248.690100970305,"Partial","short","No","Yes","FlocksNoAdults",103,0.35,0.02,"Accipiter striatus","Accipiter_striatus",25,100,"VertFishScav",3.61611425,"ACCIPITRIFORMES",248.690100970305,13203485512677.8,10397590140705.6,4246811138769.51,5956609311822.14,530.733406177494,0.321643185406747,0.572883642383881,"day"
3420,"Buteo","swainsoni",14090.3574653804,10992.1923796825,"Complete","long","Yes","Yes","FlocksWithAdults",808,1.08,0.98,"Buteo swainsoni","Buteo_swainsoni",20,60,"VertFishScav",7.660278887,"ACCIPITRIFORMES",10992.1923796825,5490487005654.74,2832567447270.75,4675634028650.74,73775425163.8819,6142.77499628028,0.851588215004467,0.0260454257620472,"day"
3480,"Buteo","regalis",4102.67497353595,2777.20921115314,"Partial","short","No","No","Solo",1163,0.9,0.23,"Buteo regalis","Buteo_regalis",100,100,"VertFishScav",6.860257537,"ACCIPITRIFORMES",2777.20921115314,2482240262812.21,3285822957763.41,2433901755887.05,2912193507622,767.250209301123,0.980526257812613,0.886290449928643,"day"
3430,"Buteo","platypterus",10497.5603679625,9827.90557146522,"Complete","long","Yes","Yes","FlocksWithAdults",357,0.64,0.11,"Buteo platypterus","Buteo_platypterus",100,70,"VertFishScav",5.770490449,"ACCIPITRIFORMES",9827.90557146522,4783752242726.84,2268233837734.85,3154895256403.39,39926278348.2884,3997.96226554985,0.659502226771893,0.0176023643083291,"day"
3520,"Haliaeetus","leucocephalus",7184.62176538008,931.207317764589,"Partial","short","Yes","Yes","FlocksWithAdults",4230,3.97,0.05,"Haliaeetus leucocephalus","Haliaeetus_leucocephalus",40,30,"VertFishScav",13.34288315,"ACCIPITRIFORMES",931.207317764589,11672268800842.3,9474841569395.33,6173537129220.72,7302837415227.77,572.339775527827,0.528906353559575,0.770760899983452,"day"
3490,"Aquila","chrysaetos",3519.65219122209,56951.3076003962,"Partial","short","Yes","Yes","FlocksWithAdults",3477,0.19,0.17,"Aquila chrysaetos","Aquila_chrysaetos",100,80,"VertFishScav",13.85005108,"ACCIPITRIFORMES",56951.3076003962,5677703661316.67,7015479678157.01,3488200443336.01,5488751332020.47,719.045594849723,0.614368176187465,0.782377197828671,"day"
3640,"Pandion","haliaetus",4675.48335722486,2315.64118797251,"Partial","long","No","No","Solo",409,1.96,0.12,"Pandion haliaetus","Pandion_haliaetus",60,100,"VertFishScav",7.954559923,"ACCIPITRIFORMES",2315.64118797251,8045481324339.61,9626079519366.65,3030752127192.91,628049575398.224,6251.86837800412,0.376702400392643,0.065244586244551,"day"
3190,"Zenaida","asiatica",6334.6211939141,9709.61299196747,"Partial","short","No","Yes","FlocksNoAdults",15.3,0.46,13.91,"Zenaida asiatica","Zenaida_asiatica",60,60,"PlantSeed",2.980386011,"COLUMBIFORMES",9709.61299196747,4339449059283.86,3877384407185.43,1392296898296.03,1012294169056.14,116.27125854835,0.320846466746126,0.261076556448773,"day"
1860,"Plegadis","falcinellus",2700.19924687462,8823.49201145352,"Partial","short","No","Yes","FlocksNoAdults",650,4.43,1.87,"Plegadis falcinellus","Plegadis_falcinellus",50,80,"Invertebrate",4.606829092,"PELECANIFORMES",8823.49201145352,1338346499292.44,1386783297773.62,282990735946.325,235111426096.617,127.513147773104,0.211448033895509,0.16953724960062,"night"
2210,"Fulica","americana",8686.07624098597,4802887.22743777,"Partial","long","Yes","Yes","FlocksWithAdults",49.5,-0.92,2.93,"Fulica americana","Fulica_americana",50,40,"PlantSeed",1.966725476,"GRUIFORMES",4802887.22743777,6589248801857.17,3724885162897.06,4534847896294.67,2176679932457.75,1062.46507666896,0.688219254221593,0.584361621168697,"night"
2120,"Rallus","limicola",4363.37655505937,3043.59972462253,"Partial","long","No","No","Solo",23.2,0.32,0.02,"Rallus limicola","Rallus_limicola",50,20,"Omnivore",2.141265419,"GRUIFORMES",3043.59972462253,4951408981146.43,2930710665030.08,3968396270871.57,2454580320704.46,1049.13988782891,0.801468084333591,0.837537580899091,"night"
2060,"Antigone","canadensis",4580.26745479652,80740.8325103433,"Partial","short","Yes","Yes","FlocksWithAdults",13.1,4.1,0.96,"Antigone canadensis","Grus_canadensis",50,30,"Omnivore",11.45521958,"GRUIFORMES",80740.8325103433,8366818077376.82,2220307951321.35,2974712981922.69,1856623198519.3,2321.16517552375,0.355536950177758,0.836200760986506,"day"
4290,"Archilochus","alexandri",7349.74982849405,3510.8044008063,"Partial","long","No","No","Solo",3.25,0.31,0.2,"Archilochus alexandri","Archilochus_alexandri",50,90,"FruiNect",1.75930292,"CAPRIMULGIFORMES",3510.8044008063,2945543122677.79,780573271707.637,2299784616468.35,57833326884.696,1638.36809884562,0.780767593847894,0.0740908368002094,"day"
4280,"Archilochus","colubris",9334.30123842247,6193.81797751097,"Complete","long","No","No","Solo",3.08,0.94,0.34,"Archilochus colubris","Archilochus_colubris",40,60,"FruiNect",1.736898616,"CAPRIMULGIFORMES",6193.81797751097,5681052527023.09,1540784081145.86,4537917245848.47,72535727770.433,2723.90727956311,0.798781075207972,0.0470771528976916,"day"
4340,"Selasphorus","sasin",15736.0516925406,31626.8361632923,"Partial","short","No","No","Solo",2.85,-2.89,1.68,"Selasphorus sasin","Selasphorus_sasin",60,90,"FruiNect",1.92737983,"CAPRIMULGIFORMES",31626.8361632923,116270909230.902,44804046145.372,84296943042.6751,39223506646.7444,1096.12725687214,0.725004591434563,0.875445635411567,"day"
4330,"Selasphorus","rufus",11769.3724176958,5469.11290487589,"Complete","long","No","No","Solo",3.27,-2.13,1.37,"Selasphorus rufus","Selasphorus_rufus",60,90,"FruiNect",1.952818558,"CAPRIMULGIFORMES",5469.11290487589,1531716763062.29,1478246363301.27,872159129946.258,333177372048.876,2881.15445664537,0.569399742157677,0.225386904592014,"day"
